{"cameraMode":{"drawMode":0,"name":"Shaded","section":"Shading Mode"},"sceneLighting":true,"audioPlay":false,"sceneViewState":{"showFog":true,"showMaterialUpdate":false,"showSkybox":true,"showFlares":true,"showImageEffects":true,"showParticleSystems":true},"in2DMode":false,"pivot":{"x":-5.639383792877197,"y":-7.058743476867676,"z":1.6574459075927735},"rotation":{"x":-0.3894238770008087,"y":0.2637307643890381,"z":-0.1172710582613945,"w":-0.8747345805168152},"size":16.468772888183595,"orthographic":false}